Model,Split,Test Accuracy,Macro-F1
BaselineCNN,Naive,0.912,0.9068
BaselineCNN,Block,0.914,0.91
ResNet18 (Frozen),Naive,0.7701234567901235,0.7631704931208738
ResNet18 (Frozen),Block,0.7681603773584905,0.7571348139064622
ResNet18 (2-Phase),Naive,0.9182716049382716,0.9143769012796381
ResNet18 (2-Phase),Block,0.9209905660377359,0.9171021410795642
